{"cameraMode":{"drawMode":0,"name":"Shaded","section":"Shading Mode"},"sceneLighting":true,"audioPlay":false,"sceneViewState":{"m_AlwaysRefresh":false,"showFog":true,"showSkybox":true,"showFlares":true,"showImageEffects":true,"showParticleSystems":true,"showVisualEffectGraphs":true,"m_FxEnabled":true},"in2DMode":false,"pivot":{"x":-0.2307645082473755,"y":-0.22940528392791749,"z":0.43794846534729006},"rotation":{"x":-0.0986238643527031,"y":0.9013116955757141,"z":-0.29250556230545046,"w":-0.3038947284221649},"size":5.889822006225586,"orthographic":false}